# center_of_mass_x, center_of_mass_y, center_of_mass_z,
0.09181155441421995,1.5560483935565013,0.0
0.09181155298746724,1.5560483935461444,0.0
0.09181155317983092,1.5560483936266338,0.0
0.09181155642479277,1.5560483936768839,0.0
0.09181155709124134,1.5560483935144442,0.0
0.09181155008359576,1.5560483933476186,0.0
0.091811546233035,1.55604839365337,0.0
0.09181156055252626,1.5560483941283947,0.0
0.09181157396784678,1.5560483936072411,0.0
0.09181154657943202,1.5560483923725819,0.0
0.09181150743469713,1.5560483931174551,0.0
0.09181155526807394,1.5560483961207425,0.0
0.09181165866050922,1.5560483954741557,0.0
0.09181158694222125,1.5560483885620089,0.0
0.0918113322890649,1.5560483876702569,0.0
0.09181140619183614,1.5560484027755166,0.0
0.0918119987218089,1.5560484098612588,0.0
0.09181203398630544,1.5560483785851895,0.0
0.09181072521979594,1.5560483522361068,0.0
0.09181020490065717,1.5560484130531733,0.0
0.09181294635090398,1.5560484923079443,0.0
0.0918150313331989,1.5560483835041228,0.0
0.09180962471272303,1.55604817013386,0.0
0.09180315279275919,1.5560483406285466,0.0
0.09181301908721551,1.5560488737451346,0.0
0.09183077406980766,1.5560486736669126,0.0
0.09181477589552067,1.5560474178946526,0.0
0.0917698029444336,1.556047440008356,0.0
0.0917902819568216,1.5560502464171542,0.0
0.0918974323690106,1.556051144314572,0.0
0.0918879515741251,1.5560451922594323,0.0
0.09164592807393468,1.5560411821018003,0.0
0.09158537473722794,1.5560530949636973,0.0
0.09210437502881463,1.5560660537413704,0.0
0.09241450331776802,1.5560438752036763,0.0
0.09136238053035106,1.5560075063241894,0.0
0.09031610116045818,1.5560446662433696,0.0
0.09230845159369394,1.5561382760503062,0.0
0.09531274845580961,1.5560870211759308,0.0
0.09187525608294123,1.555860855857825,0.0
0.08399470950478749,1.5558987697244588,0.0
0.08918937381834857,1.5564209419910646,0.0
0.1095754572915979,1.5565261319582566,0.0
0.10307353023322796,1.5553075371540834,0.0
0.02554756398768676,1.5541113157410333,0.0
-0.09778568721230485,1.5554750718635568,0.0
-0.19052869514189197,1.5591008566630604,0.0
-0.2173567998278897,1.5618487504686889,0.0
-0.21139552102486303,1.5627706866614737,0.0
-0.2126008213397328,1.564820108003564,0.0
-0.22525620675181324,1.5703840179253117,0.0
-0.23688714113952491,1.5780939053351044,0.0
-0.24310037140007634,1.5853419107460909,0.0
-0.24685132956865463,1.5924176836822979,0.0
-0.25125687983386935,1.6032779362836096,0.0
-0.25819316832920103,1.6215431674127188,0.0
-0.2668891490008346,1.6448761903760176,0.0
-0.27310303736064756,1.665008928154489,0.0
-0.2734363355343755,1.6755177721166012,0.0
-0.2695463885334337,1.67793114685568,0.0
-0.2657309636669912,1.6781847508283734,0.0
-0.26391500505838106,1.6793544691777558,0.0
-0.2630148487251315,1.6803483717156336,0.0
-0.2618876683917589,1.6798763272858204,0.0
-0.2608691756981464,1.6787557653872502,0.0
-0.26070713476155416,1.678435333289909,0.0
-0.26133841351074716,1.6790822663928404,0.0
-0.2620517039372199,1.6797223966103874,0.0
-0.2624162884669363,1.6796004070578272,0.0
-0.2628188968772359,1.6789256591232806,0.0
-0.26411726553637405,1.6784367105434563,0.0
-0.2668103488027791,1.6785805420139575,0.0
-0.27058847976633327,1.6792321120706983,0.0
-0.2746424630169355,1.679990994668768,0.0
-0.27824306857949876,1.680432394703017,0.0
-0.28104930138967765,1.6801243712054341,0.0
-0.2831424494221313,1.6788679468665866,0.0
-0.2848203978174716,1.6770507965533799,0.0
-0.28611774678591395,1.6752743185787677,0.0
-0.28662307063754755,1.6735776907401507,0.0
-0.28617240469744365,1.6717965276934668,0.0
-0.2854858719340231,1.6706710711694068,0.0
-0.28535767944400325,1.6712839581003283,0.0
-0.2853580684166944,1.6730893210112243,0.0
-0.2843294131140661,1.6739974947449507,0.0
-0.28219635802318765,1.6729758014637655,0.0
-0.2802749392927887,1.6712324923166502,0.0
-0.279698727839503,1.6704715565037942,0.0
-0.28041640217865305,1.6712277138852958,0.0
-0.2816664987630546,1.6728645008245349,0.0
-0.28263530956141447,1.6740275232068231,0.0
-0.2829158136577472,1.673564032226617,0.0
-0.28304202484060226,1.6718953366209486,0.0
-0.2841783324853029,1.6706085524335719,0.0
-0.2867139889677145,1.6701735078612407,0.0
-0.28967002709537615,1.66931486893522,0.0
-0.2919365902114115,1.6670968508872503,0.0
-0.2934567073519211,1.6643356264591804,0.0
-0.2946937010240053,1.6623164189835604,0.0
-0.29560070280192874,1.6611193709298853,0.0
-0.2958130766152658,1.6599818008450906,0.0
-0.2954331315056361,1.6586674403042176,0.0
-0.29487355599905785,1.6577167984124277,0.0
-0.2940220925804511,1.6576629615398148,0.0
-0.29220269119747444,1.6585870873340167,0.0
-0.2891227209892693,1.66038346440757,0.0
-0.28540191886389166,1.6630826220672243,0.0
-0.28191183919420626,1.666683803170378,0.0
-0.278967322160264,1.670751131870979,0.0
-0.2765200266804838,1.674590540373953,0.0
-0.27483210459784524,1.6780027127538046,0.0
-0.27438589394833013,1.6814153776350342,0.0
-0.27508350523858827,1.6850233217201003,0.0
-0.27602133671806883,1.6882842888840563,0.0
-0.276397133824442,1.6905878463724857,0.0
-0.27652008971663955,1.6921547400790482,0.0
-0.2777204402510848,1.694173978320607,0.0
-0.2811182476828077,1.6979259351464904,0.0
-0.28623283933994725,1.7031090956435806,0.0
-0.29096593109574154,1.707267607842267,0.0
-0.29358501566415784,1.708306424759082,0.0
-0.2945115061271383,1.707298616733452,0.0
-0.2953099017924331,1.7068897803479999,0.0
-0.29638294747310423,1.707451277117967,0.0
-0.2968352219052176,1.7071044339072017,0.0
-0.2962758612968104,1.7050917231089622,0.0
-0.29556423878219373,1.7029360571601386,0.0
-0.2956353896990521,1.7022564944661147,0.0
-0.29633987436313114,1.7028574249420325,0.0
-0.2968766628741327,1.7032674137274677,0.0
-0.29703194819082657,1.7025093061318746,0.0
-0.29742124962164895,1.700927430151865,0.0
-0.29848052075482223,1.699242409783003,0.0
-0.2996525128298291,1.6970603147658503,0.0
-0.29980797128235315,1.6929476886022412,0.0
-0.2983692067734518,1.6862756911675807,0.0
-0.2959476539955723,1.6784680206375238,0.0
-0.2939275253304018,1.6720215696486598,0.0
-0.29330637537990556,1.6684010580501354,0.0
-0.2937620544510823,1.6668472947773871,0.0
-0.29407348237894393,1.665315122120904,0.0
-0.2936682352934764,1.662835469743053,0.0
-0.2932366698609259,1.6604917975622404,0.0
-0.29341057891236444,1.6596507050501088,0.0
-0.29358526679616126,1.6601249953211659,0.0
-0.29284480995781015,1.660818477517085,0.0
-0.2915527817421264,1.661322910888048,0.0
-0.29115822440991046,1.6619913550698224,0.0
-0.29254948744811693,1.6629073483706107,0.0
-0.2952149794659107,1.6634835707705653,0.0
-0.29805511484267966,1.662962815375161,0.0
-0.3006304813383639,1.6610341942058162,0.0
-0.3035152483798787,1.6581062392876214,0.0
-0.3076252257556461,1.6551284226892342,0.0
-0.3132819702475808,1.652854495454084,0.0
-0.3197173795070388,1.650860400292706,0.0
-0.3253111910062845,1.6475528115666256,0.0
-0.3287734233090583,1.641961812675675,0.0
-0.33073167040452167,1.6354164566864062,0.0
-0.33365155383298295,1.6304563950119528,0.0
-0.3391538702585027,1.6282414375782346,0.0
-0.3457856833434441,1.6280667722524083,0.0
-0.3505073242025618,1.6289928311265611,0.0
-0.35193771585205974,1.6306508812021825,0.0
-0.35111589544838295,1.632691061410387,0.0
-0.34971803495486015,1.6346711718663087,0.0
-0.34881627158855905,1.6367245758862674,0.0
-0.3491419620733959,1.6397621143639807,0.0
-0.3513810144768194,1.6446946157367655,0.0
-0.35565082552791727,1.6514651680081456,0.0
-0.36092253623845905,1.6590840130054174,0.0
-0.3656805127758884,1.6667527874763548,0.0
-0.36965977044215326,1.6743393093014143,0.0
-0.3742539950482109,1.681360285454426,0.0
-0.3802499656806361,1.6866300395854579,0.0
-0.3859072374851816,1.6896906716291555,0.0
-0.38885551069631225,1.6914469125253127,0.0
-0.38944024601796196,1.6928783613519922,0.0
-0.3903705710017402,1.6942817967373147,0.0
-0.39322207212260374,1.6956775184467079,0.0
-0.39676076705278673,1.6967079158581189,0.0
-0.39832206823487976,1.6967754807107234,0.0
-0.3959056932504486,1.6964250138543489,0.0
-0.3899997070375457,1.6972834117614326,0.0
-0.38394409261237206,1.6992949410538634,0.0
-0.38077724023685755,1.6994594046653826,0.0
-0.3794254330140403,1.6947722242373147,0.0
-0.3760539944508,1.6854609405230334,0.0
-0.3690741447162856,1.674366546108273,0.0
-0.3607354979896803,1.6640287646926168,0.0
-0.3540868072473383,1.6552435915804908,0.0
-0.35016069750449275,1.6477763038571172,0.0
-0.34811941898363374,1.641488265129589,0.0
-0.3469698670816554,1.6368219656004166,0.0
-0.34654508696239045,1.6345038359880901,0.0
-0.347001122388792,1.634614745753274,0.0
-0.34800054221750704,1.6360691347426848,0.0
-0.3488785856791727,1.6373947297817186,0.0
-0.3494415952929764,1.6378560390365389,0.0
-0.3501294206322763,1.637562305736294,0.0
-0.3513091915332208,1.636792450361654,0.0
-0.3528092746216032,1.6355296033315652,0.0
-0.3543651927732184,1.633616616121031,0.0
-0.3561186009043732,1.6312322494307538,0.0
-0.35828570644034824,1.6289574907708786,0.0
-0.3606282453119952,1.6271752781032918,0.0
-0.3626912579531941,1.6256600599897837,0.0
-0.3643988894393853,1.6240417190696417,0.0
-0.36599797173562915,1.6224580917415248,0.0
-0.36742831390254704,1.6214935173301956,0.0
-0.36812220808174667,1.6215747804909824,0.0
-0.3676241013324984,1.6225489919442155,0.0
-0.36620305786872154,1.6238522131304656,0.0
-0.36453528822987263,1.6251001580742443,0.0
-0.36273191008518885,1.6264687035150664,0.0
-0.35991769753011693,1.6284821672896475,0.0
-0.35501698835758805,1.6315761713118269,0.0
-0.34796216629381566,1.6358238024030818,0.0
-0.33996381340280984,1.6407547519853463,0.0
-0.332510918855962,1.6454149342990512,0.0
-0.3261249814749201,1.6489940108825045,0.0
-0.32011817715699914,1.6516142230550694,0.0
-0.31357009538909575,1.6543110803308725,0.0
-0.3064145364513166,1.6579227870429993,0.0
-0.29941852480595116,1.6620061056461772,0.0
-0.29324148944052053,1.6651871336256114,0.0
-0.2878394808465019,1.6666416318365065,0.0
-0.282773172441775,1.6669523012557963,0.0
-0.2777291175078537,1.667538917572564,0.0
-0.2726759619137945,1.669497868634025,0.0
-0.26786843906285707,1.6729204283084835,0.0
-0.2636790871423055,1.6771205128366102,0.0
-0.26003487907232625,1.6814865942440773,0.0
-0.2562129091105524,1.6860010313574676,0.0
-0.25159243624745964,1.6906645515689438,0.0
-0.24624837089233664,1.6945978508752189,0.0
-0.24056374518021195,1.696562970257859,0.0
-0.23492585427040913,1.6967058992886361,0.0
-0.2300435138618917,1.6968015008739492,0.0
-0.22672628793312122,1.698084953366428,0.0
-0.22495842435547297,1.699756145852792,0.0
-0.22388114960609773,1.7004020873537806,0.0
-0.22301338526650094,1.6999809417971774,0.0
-0.222790628977514,1.6994266258282034,0.0
-0.223545886029758,1.6990054708168334,0.0
-0.2247781351917848,1.6983158759049333,0.0
-0.22610383962751568,1.69772820049429,0.0
-0.2281494153707716,1.6983133180537915,0.0
-0.23144052956716,1.6996183620790808,0.0
-0.2350963440552537,1.6990615142080845,0.0
-0.2380206222037723,1.6952569035901999,0.0
-0.24079742056449205,1.690594778105656,0.0
-0.24485224108942683,1.6881597194302038,0.0
-0.25029866800270695,1.6872628054906167,0.0
-0.2562598651328858,1.6848496633540682,0.0
-0.26282370271642763,1.6806077567785322,0.0
-0.2708799277068792,1.6775860331635053,0.0
-0.2800929177565512,1.6775129273011973,0.0
-0.2886167139367882,1.6781428754254333,0.0
-0.2951212592755045,1.6761042543714348,0.0
-0.30012068878385634,1.6705509543144512,0.0
-0.30516394385393963,1.663304182670903,0.0
-0.31134260686378085,1.6567034514395456,0.0
-0.3184674895279551,1.651746513871466,0.0
-0.32526905142251084,1.6476629817045436,0.0
-0.3306907328022519,1.6432918400398695,0.0
-0.3351991121663867,1.6387789191076778,0.0
-0.34025112125628276,1.6351120094166882,0.0
-0.34623729321961383,1.6321961153068174,0.0
-0.351830522792783,1.6287934209864057,0.0
-0.3559656764402584,1.6247322868988157,0.0
-0.3594781422447163,1.6218315939015207,0.0
-0.36370522256416277,1.6215169740583448,0.0
-0.36818776896376615,1.6223176569460573,0.0
-0.37095228086268184,1.6213312241997309,0.0
-0.37077070770526643,1.6180287058648013,0.0
-0.36839160317775105,1.615000493600265,0.0
-0.3657327664659388,1.6147308057852579,0.0
-0.3641805094124093,1.6170126629603216,0.0
-0.36351207963063487,1.6198026532110648,0.0
-0.3624030386867868,1.6215673714664498,0.0
-0.359958656122256,1.6226190307928934,0.0
-0.3564767193426423,1.6246632933722847,0.0
-0.35275297517538773,1.6287899536723205,0.0
-0.3491615530755233,1.6337759486981274,0.0
-0.3455264862428216,1.637070719352423,0.0
-0.34141276653427705,1.637525168000038,0.0
-0.3365043083938067,1.6364126116798192,0.0
-0.3311774622734297,1.6358447902955209,0.0
-0.3265727743723182,1.6368989217884258,0.0
-0.32351310248151055,1.6392144272052007,0.0
-0.32153485786850955,1.6417669039954945,0.0
-0.31957541633221614,1.6438283604372064,0.0
-0.3173026637625462,1.6453724995200065,0.0
-0.31511877782919534,1.6467156660117106,0.0
-0.31324636717325394,1.6479555014037106,0.0
-0.3115024206186373,1.648913487975265,0.0
-0.3096447515718484,1.6494566718148789,0.0
-0.30742086862651474,1.649597350036364,0.0
-0.30461906854508597,1.649321446862774,0.0
-0.3014940168831201,1.6486867533052445,0.0
-0.29887681094635055,1.6483338845521889,0.0
-0.2974437854406302,1.649477041179662,0.0
-0.29683051531226423,1.6526818242772603,0.0
-0.295686013418905,1.6568082003057107,0.0
-0.29286258708091406,1.6599737940507975,0.0
-0.2886549029725247,1.6616181952764557,0.0
-0.2846943305081917,1.662893138353651,0.0
-0.28247737467158684,1.664819819966502,0.0
-0.2821449094389392,1.6668074681451794,0.0
-0.2827194439021755,1.6676276908233845,0.0
-0.28326191849337856,1.6672674749158705,0.0
-0.28391408905397386,1.6666731360639715,0.0
-0.28609311917997404,1.6658056893314281,0.0
-0.2912391838695023,1.6633170763620364,0.0
-0.29904972143297986,1.6585847550250792,0.0
-0.3074541617329081,1.6529720055089199,0.0
-0.31438250589050654,1.6483710973144419,0.0
-0.31911126866979805,1.6452232606021535,0.0
-0.32246037190850524,1.642714911600687,0.0
-0.32639910840771524,1.6405136399055464,0.0
-0.33257801865857756,1.6395136205838696,0.0
-0.3403891490576159,1.6407230563680282,0.0
-0.3475153400466988,1.6438787438413205,0.0
-0.35307631159104436,1.6475473008992356,0.0
-0.35871872742174926,1.6504464923866264,0.0
-0.3660043099682527,1.6522955178526735,0.0
-0.3747025893086289,1.6534522306275838,0.0
-0.38423523927109077,1.6542825101962795,0.0
-0.39464887879969623,1.655164758012367,0.0
-0.40559092983939177,1.6566735948272646,0.0
-0.4161846678509295,1.659192457232262,0.0
-0.426335425498968,1.66238993032806,0.0
-0.43678670506341494,1.665586571499346,0.0
-0.44760760750263784,1.6686998766303824,0.0
-0.45749820343629594,1.6720320560126873,0.0
-0.4649449131110339,1.6748227958127875,0.0
-0.46977769228379695,1.6754082796756826,0.0
-0.4730963586977854,1.6737762778837302,0.0
-0.47566326714220863,1.6723245776115299,0.0
-0.47737609633726763,1.6727385727046022,0.0
-0.4784796776108632,1.6738412428396896,0.0
-0.4796576864615348,1.6739020796523667,0.0
-0.48060595754961,1.6732435395278584,0.0
-0.4802993517276785,1.6731286372718668,0.0
-0.47886517183018634,1.6736040084488732,0.0
-0.4775549474656588,1.673767994673674,0.0
-0.47683886521623897,1.673217738564055,0.0
-0.4759489826062544,1.672308870925526,0.0
-0.4744173897250251,1.6715101234025624,0.0
-0.4729764855081656,1.6711058588826768,0.0
-0.47257135081544943,1.6713276628071922,0.0
-0.47307113229086284,1.6723065214035067,0.0
-0.47346551511380336,1.673801049990146,0.0
-0.4732752914631046,1.6753096698630676,0.0
-0.4732721023935778,1.6765951225744398,0.0
-0.474371315955305,1.6777067502582117,0.0
-0.47619111979623086,1.6783800244925724,0.0
-0.4775476142674594,1.678044785557576,0.0
-0.47821964740148193,1.6766937110116455,0.0
-0.47920815480947687,1.6751262934281557,0.0
-0.4811523349455168,1.6740136558843783,0.0
-0.4833796039502856,1.673231413327345,0.0
-0.4848022786108135,1.6724414128666718,0.0
-0.4851782085284363,1.6718790261626921,0.0
-0.4851164639666655,1.6720259425037387,0.0
-0.48508249688755434,1.6727025076324549,0.0
-0.48489074839888807,1.673155283585909,0.0
-0.4843822627188208,1.6731108711659457,0.0
-0.4841492732707207,1.6730766224095164,0.0
-0.4849898536123573,1.6734101642510928,0.0
-0.4867921220650309,1.6737797452628447,0.0
-0.4885621647623488,1.6738558914185584,0.0
-0.48958264639305465,1.6738982925698629,0.0
-0.4900278891156551,1.6742876995845322,0.0
-0.49034521448307294,1.6749908960194568,0.0
-0.49054727807307646,1.6757693407203522,0.0
-0.4903896443816033,1.676476552987944,0.0
-0.4899260143888953,1.6769815074146288,0.0
-0.4895719034259948,1.6771794223012852,0.0
-0.4896596544265013,1.677170529753294,0.0
-0.4900491221592242,1.6771384935345197,0.0
-0.4902201082765427,1.6770438555662524,0.0
-0.48979485882297047,1.6766927586705394,0.0
-0.4889503858591267,1.6760932118764036,0.0
-0.48821195972241405,1.6755094641040893,0.0
-0.4878769640057774,1.675169203795368,0.0
-0.4878123494463409,1.6750959845351012,0.0
-0.48777719228051397,1.6751866967036115,0.0
-0.4876908312952499,1.6752970759043726,0.0
-0.4875391190520946,1.6753218403555452,0.0
-0.4872712550140255,1.6753165109922035,0.0
-0.4869328779812562,1.6754257760569515,0.0
-0.4867153937353044,1.6755872086409538,0.0
-0.4867383914276027,1.6755098254462826,0.0
-0.48696465998935906,1.6751180167644781,0.0
-0.4873479182204765,1.674769119419554,0.0
-0.4877466067421849,1.6747641669404232,0.0
-0.4877769956271498,1.674877879951072,0.0
-0.4872299696554763,1.6747090377494867,0.0
-0.4865258038684791,1.674306085793764,0.0
-0.4862412972882138,1.674070069700221,0.0
-0.4863247135422253,1.6741444220711035,0.0
-0.48632301038093667,1.674266928662559,0.0
-0.4862738158178412,1.6742220819376177,0.0
-0.486743712248488,1.6741245215910698,0.0
-0.4878832937307267,1.6741548831350592,0.0
-0.4889816158383215,1.6742715235732906,0.0
-0.4892312077731044,1.6743808135273912,0.0
-0.48863535158808263,1.6745644900525174,0.0
-0.48787574354003926,1.6748372229461943,0.0
-0.48742967990695896,1.6748817145548067,0.0
-0.487197400159031,1.674384893652977,0.0
-0.48703598020299627,1.6734643201459154,0.0
-0.4871154261521172,1.6724476958667942,0.0
-0.48745181608941024,1.671471946169695,0.0
-0.48765565822343254,1.6706037402837552,0.0
-0.48757482567174576,1.6700422412149574,0.0
-0.48769996491668116,1.6698561471804048,0.0
-0.48849139195417784,1.6697819856682827,0.0
-0.489668390231118,1.6695589713775003,0.0
-0.49058049645985696,1.669247691198987,0.0
-0.49105987580260296,1.6690522537312626,0.0
-0.4914998529842079,1.6690345402351547,0.0
-0.49216767954602497,1.66912902910273,0.0
-0.4928476104597598,1.66928624939337,0.0
-0.4932406186804343,1.669489548865437,0.0
-0.4933836481725038,1.669703876425405,0.0
-0.4935122950841881,1.669896349249182,0.0
-0.49370896981364654,1.6700886840283784,0.0
-0.4938258996456351,1.6703183519050118,0.0
-0.4936664622590497,1.6705335366379286,0.0
-0.4931877344035311,1.6705976684878354,0.0
-0.4925912803361857,1.6704465432453566,0.0
-0.49223651985685707,1.6701786465292965,0.0
-0.49239379583029547,1.6699488723694957,0.0
-0.4930084981600422,1.6698590407654437,0.0
-0.49368028507870304,1.669973819203936,0.0
-0.493923554190453,1.6703188668765354,0.0
-0.49356886551379064,1.6708337651983094,0.0
-0.49296026315024294,1.6713815151117037,0.0
-0.4926614453362584,1.6717117525850713,0.0
-0.4928747846979928,1.6714212831992155,0.0
-0.49319853193819885,1.6703103037324585,0.0
-0.4930867388402413,1.6689121672272154,0.0
-0.49257472926010104,1.6682062425327338,0.0
-0.4923703333137965,1.6685789429279025,0.0
-0.49309834027351235,1.6695037560517647,0.0
-0.49463857658777477,1.6703407049565095,0.0
-0.4963406667087891,1.6709073231486966,0.0
-0.4976024399375549,1.6712327377416623,0.0
-0.4980624537297621,1.6713800004635146,0.0
-0.4976193508653554,1.671617682448429,0.0
-0.4965909150579396,1.672241300789406,0.0
-0.49562636022202183,1.6730798074946405,0.0
-0.49520562774079285,1.6735464764809624,0.0
-0.49527220230540325,1.6732910192209733,0.0
-0.49539009653214466,1.6725105951907173,0.0
-0.49519688305542786,1.6715488205445321,0.0
-0.494700262000905,1.6704945719264277,0.0
-0.4941300696443967,1.6692392775153657,0.0
-0.4935219446400111,1.6676290367886986,0.0
-0.4926390077613358,1.6655854023426413,0.0
-0.4913935455311,1.6633931028397497,0.0
-0.49000376913591237,1.6615841394486786,0.0
-0.488454892949458,1.6599812964001563,0.0
-0.48621760070948955,1.65738468551194,0.0
-0.48311149258257285,1.6532859741117973,0.0
-0.48026995449251075,1.6495075580404732,0.0
-0.47934621275732603,1.6486036935979784,0.0
-0.4804127404211402,1.6504756172227082,0.0
-0.48156384006464853,1.6520867194994056,0.0
-0.48135056575783297,1.6510782493503147,0.0
-0.4806266346980637,1.6482132114168264,0.0
-0.480797824107178,1.645263675679722,0.0
-0.48136106451743693,1.6419893832804184,0.0
-0.4810681946886951,1.6370982038813036,0.0
-0.4804551296905165,1.630917583079936,0.0
-0.48027923276719536,1.6240512371163147,0.0
-0.4777633992204997,1.6139151526904478,0.0
-0.4678333894578212,1.596287266378601,0.0
-0.4486176387502227,1.5705496309642726,0.0
-0.4229921787969691,1.5402913565395444,0.0
-0.3953618858535765,1.5092259184180212,0.0
-0.3703628869984155,1.4800656007199455,0.0
-0.35304553144360157,1.457106572707814,0.0
-0.345569956001799,1.4459957220576765,0.0
-0.3444165078657181,1.448003031897503,0.0
-0.34396882380069016,1.4539706417890073,0.0
-0.3415803990298319,1.4474226330296192,0.0
-0.33758835461391745,1.4185710995652165,0.0
-0.33276557649420707,1.373646363973642,0.0
-0.32761322556631367,1.3262955496670512,0.0
-0.32271488538905696,1.283176487004571,0.0
-0.3181871620109547,1.2419938262750745,0.0
-0.31320228551278134,1.1990336271571398,0.0
-0.3073723356000574,1.1539650985055405,0.0
-0.3023248441705576,1.1096407441144485,0.0
-0.29938079555384983,1.068675830543111,0.0
-0.2953372980165374,1.028028738199095,0.0
-0.2860477142176263,0.9805907721945126,0.0
-0.277796905410063,0.9300863732823085,0.0
-0.2872916637217504,0.8998806262434962,0.0
-0.32132077569031303,0.9116642445747773,0.0
-0.3627480470949668,0.9549303534366169,0.0
-0.3875696220610007,0.9937300547037516,0.0
-0.3909196406139198,1.0059343311449533,0.0
-0.3863622533280282,1.0007759826694353,0.0
-0.3851712624703249,0.9966806257392529,0.0
-0.38698866490850514,0.9983868023749006,0.0
-0.38775070089281194,1.0003924455304103,0.0
-0.38704750902829355,0.999920333354285,0.0
-0.38660079577429285,0.9989516814957363,0.0
-0.38684896126815793,0.9990175495576973,0.0
-0.3870869260646325,0.999462083952489,0.0
-0.387011601154188,0.9994998111551955,0.0
-0.38689342955986955,0.9993060773138804,0.0
-0.3869093311933334,0.999259815509978,0.0
-0.3869647579679754,0.9993397309463056,0.0
-0.38696601659704566,0.9993725879834893,0.0
-0.38694133945358555,0.9993417085968487,0.0
-0.38693703799418483,0.9993222910418994,0.0
-0.3869474582657977,0.9993332050340993,0.0
-0.38695096605656143,0.9993435695609391,0.0
-0.3869468220791153,0.9993402423622579,0.0
-0.38694462076945046,0.99933508839792,0.0
-0.38694614666395943,0.9993358007236844,0.0
-0.38694736536314034,0.9993382209595169,0.0
-0.38694686530652966,0.9993382678709161,0.0
